Sales Revenue_label,Sales Revenue_Chart2_CategoryGroup_label,Sales Revenue_Chart2_CategoryGroup_Value_Y
Sales Revenue,AL,260971.04
Sales Revenue,AZ,1586886.40
Sales Revenue,CA,5394440.59
Sales Revenue,CO,1037779.17
Sales Revenue,CT,497089.51
Sales Revenue,FL,2558182.03
Sales Revenue,GA,1707677.48
Sales Revenue,LA,450445.48
Sales Revenue,MA,569535.16
Sales Revenue,NC,1448869.44
Sales Revenue,NH,256513.13
Sales Revenue,NJ,509734.48
Sales Revenue,NM,833784.50
Sales Revenue,NY,1303529.21
Sales Revenue,OH,416938.11
Sales Revenue,OR,1789159.72
Sales Revenue,PA,887492.36
Sales Revenue,RI,203679.88
Sales Revenue,SC,458266.56
Sales Revenue,TN,728281.31
Sales Revenue,TX,3829475.37
Sales Revenue,UT,384891.00
Sales Revenue,VA,993454.41
Sales Revenue,WA,1681541.14

State,City,Zipcode,Sales_Revenue,Units_Sold,Customer_Count,Textbox163,Textbox164,Textbox165,Textbox158,Textbox159,Textbox160,Textbox152,Textbox153,Textbox154
AL,"Birmingham, AL",35226,"$33,411",5650,238,"$77,197",14448,524,"$260,971",47955,1822,"$29,788,617",4849220,223244
AL,"Birmingham, AL",35242,"$43,787",8798,286,"$77,197",14448,524,"$260,971",47955,1822,"$29,788,617",4849220,223244
AL,"Mobile, AL",36606,"$86,921",16362,576,"$158,852",30067,1098,"$260,971",47955,1822,"$29,788,617",4849220,223244
AL,"Mobile, AL",36695,"$71,930",13705,522,"$158,852",30067,1098,"$260,971",47955,1822,"$29,788,617",4849220,223244
AL,"Tuscaloosa, AL",35404,"$24,922",3440,200,"$24,922",3440,200,"$260,971",47955,1822,"$29,788,617",4849220,223244
AZ,"Phoenix, AZ",85018,"$128,389",19543,1008,"$418,435",69701,3232,"$1,586,886",236120,12406,"$29,788,617",4849220,223244
AZ,"Phoenix, AZ",85022,"$113,714",20724,843,"$418,435",69701,3232,"$1,586,886",236120,12406,"$29,788,617",4849220,223244
AZ,"Phoenix, AZ",85042,"$58,152",10300,445,"$418,435",69701,3232,"$1,586,886",236120,12406,"$29,788,617",4849220,223244
AZ,"Phoenix, AZ",85044,"$118,181",19134,936,"$418,435",69701,3232,"$1,586,886",236120,12406,"$29,788,617",4849220,223244
AZ,"Scottsdale, AZ",85250,"$84,925",13364,651,"$387,872",59479,2859,"$1,586,886",236120,12406,"$29,788,617",4849220,223244
AZ,"Scottsdale, AZ",85266,"$302,946",46115,2208,"$387,872",59479,2859,"$1,586,886",236120,12406,"$29,788,617",4849220,223244
AZ,"Surprise, AZ",85374,"$71,070",12729,598,"$71,070",12729,598,"$1,586,886",236120,12406,"$29,788,617",4849220,223244
AZ,"Tempe, AZ",85281,"$110,396",12242,914,"$191,880",24959,1572,"$1,586,886",236120,12406,"$29,788,617",4849220,223244
AZ,"Tempe, AZ",85283,"$81,484",12717,658,"$191,880",24959,1572,"$1,586,886",236120,12406,"$29,788,617",4849220,223244
AZ,"Tucson, AZ",85705,"$60,837",5683,518,"$517,629",69252,4145,"$1,586,886",236120,12406,"$29,788,617",4849220,223244
AZ,"Tucson, AZ",85711,"$92,047",11164,746,"$517,629",69252,4145,"$1,586,886",236120,12406,"$29,788,617",4849220,223244
AZ,"Tucson, AZ",85714,"$79,654",7614,690,"$517,629",69252,4145,"$1,586,886",236120,12406,"$29,788,617",4849220,223244
AZ,"Tucson, AZ",85715,"$53,859",8355,445,"$517,629",69252,4145,"$1,586,886",236120,12406,"$29,788,617",4849220,223244
AZ,"Tucson, AZ",85716,"$77,686",12823,553,"$517,629",69252,4145,"$1,586,886",236120,12406,"$29,788,617",4849220,223244
AZ,"Tucson, AZ",85741,"$51,168",9692,397,"$517,629",69252,4145,"$1,586,886",236120,12406,"$29,788,617",4849220,223244
AZ,"Tucson, AZ",85748,"$102,378",13921,796,"$517,629",69252,4145,"$1,586,886",236120,12406,"$29,788,617",4849220,223244
CA,"Alameda, CA",94501,"$89,587",10224,763,"$89,587",10224,763,"$5,394,441",681607,45070,"$29,788,617",4849220,223244
CA,"Anaheim, CA",92802,"$98,532",13493,801,"$190,551",23159,1586,"$5,394,441",681607,45070,"$29,788,617",4849220,223244
CA,"Anaheim, CA",92808,"$92,018",9666,785,"$190,551",23159,1586,"$5,394,441",681607,45070,"$29,788,617",4849220,223244
CA,"Bakersfield, CA",93304,"$71,743",8668,656,"$233,723",22341,2190,"$5,394,441",681607,45070,"$29,788,617",4849220,223244
CA,"Bakersfield, CA",93306,"$40,130",3136,409,"$233,723",22341,2190,"$5,394,441",681607,45070,"$29,788,617",4849220,223244
CA,"Bakersfield, CA",93311,"$74,162",7356,684,"$233,723",22341,2190,"$5,394,441",681607,45070,"$29,788,617",4849220,223244
CA,"Bakersfield, CA",93312,"$47,689",3181,441,"$233,723",22341,2190,"$5,394,441",681607,45070,"$29,788,617",4849220,223244
CA,"Burbank, CA",91504,"$66,427",9236,585,"$66,427",9236,585,"$5,394,441",681607,45070,"$29,788,617",4849220,223244
CA,"Compton, CA",90220,"$117,816",16964,980,"$117,816",16964,980,"$5,394,441",681607,45070,"$29,788,617",4849220,223244
CA,"Corona, CA",92881,"$73,941",6588,665,"$73,941",6588,665,"$5,394,441",681607,45070,"$29,788,617",4849220,223244
CA,"Cupertino, CA",95014,"$70,171",7744,609,"$70,171",7744,609,"$5,394,441",681607,45070,"$29,788,617",4849220,223244
CA,"Eureka, CA",95501,"$121,843",19086,997,"$121,843",19086,997,"$5,394,441",681607,45070,"$29,788,617",4849220,223244
CA,"Folsom, CA",95630,"$125,952",17109,937,"$125,952",17109,937,"$5,394,441",681607,45070,"$29,788,617",4849220,223244
CA,"Fresno, CA",93710,"$103,947",9552,972,"$315,123",34184,2891,"$5,394,441",681607,45070,"$29,788,617",4849220,223244
CA,"Fresno, CA",93722,"$99,276",10584,887,"$315,123",34184,2891,"$5,394,441",681607,45070,"$29,788,617",4849220,223244
CA,"Fresno, CA",93726,"$111,900",14048,1032,"$315,123",34184,2891,"$5,394,441",681607,45070,"$29,788,617",4849220,223244
CA,"Huntington Beach, CA",92646,"$120,695",21007,927,"$120,695",21007,927,"$5,394,441",681607,45070,"$29,788,617",4849220,223244
CA,"Irvine, CA",92602,"$93,054",16289,730,"$254,391",39963,2087,"$5,394,441",681607,45070,"$29,788,617",4849220,223244
CA,"Irvine, CA",92606,"$83,073",10608,701,"$254,391",39963,2087,"$5,394,441",681607,45070,"$29,788,617",4849220,223244
CA,"Irvine, CA",92618,"$78,263",13066,656,"$254,391",39963,2087,"$5,394,441",681607,45070,"$29,788,617",4849220,223244
CA,"Long Beach, CA",90805,"$6,225",1181,40,"$12,856",1721,99,"$5,394,441",681607,45070,"$29,788,617",4849220,223244
CA,"Long Beach, CA",90815,"$6,632",540,59,"$12,856",1721,99,"$5,394,441",681607,45070,"$29,788,617",4849220,223244
CA,"Los Angeles, CA",90016,"$63,555",10010,479,"$394,063",51434,3170,"$5,394,441",681607,45070,"$29,788,617",4849220,223244
CA,"Los Angeles, CA",90017,"$84,781",12184,684,"$394,063",51434,3170,"$5,394,441",681607,45070,"$29,788,617",4849220,223244
CA,"Los Angeles, CA",90022,"$70,059",4645,657,"$394,063",51434,3170,"$5,394,441",681607,45070,"$29,788,617",4849220,223244
CA,"Los Angeles, CA",90024,"$32,397",4076,238,"$394,063",51434,3170,"$5,394,441",681607,45070,"$29,788,617",4849220,223244
CA,"Los Angeles, CA",90041,"$34,734",6113,259,"$394,063",51434,3170,"$5,394,441",681607,45070,"$29,788,617",4849220,223244
CA,"Los Angeles, CA",90048,"$108,537",14406,853,"$394,063",51434,3170,"$5,394,441",681607,45070,"$29,788,617",4849220,223244
CA,"Manhattan Beach, CA",90266,"$331,963",53660,2353,"$331,963",53660,2353,"$5,394,441",681607,45070,"$29,788,617",4849220,223244
CA,"Napa, CA",94558,"$107,976",16575,942,"$235,543",30319,1983,"$5,394,441",681607,45070,"$29,788,617",4849220,223244
CA,"Napa, CA",94559,"$127,566",13744,1041,"$235,543",30319,1983,"$5,394,441",681607,45070,"$29,788,617",4849220,223244
CA,"North Hollywood, CA",91606,"$71,154",7992,609,"$71,154",7992,609,"$5,394,441",681607,45070,"$29,788,617",4849220,223244
CA,"Rancho Cucamonga, CA",91730,"$94,422",14757,715,"$94,422",14757,715,"$5,394,441",681607,45070,"$29,788,617",4849220,223244
CA,"Sacramento, CA",95817,"$2,219",346,21,"$576,484",66466,4920,"$5,394,441",681607,45070,"$29,788,617",4849220,223244
CA,"Sacramento, CA",95818,"$207,144",23218,1747,"$576,484",66466,4920,"$5,394,441",681607,45070,"$29,788,617",4849220,223244
CA,"Sacramento, CA",95823,"$196,534",19148,1799,"$576,484",66466,4920,"$5,394,441",681607,45070,"$29,788,617",4849220,223244
CA,"Sacramento, CA",95825,"$121,290",17832,942,"$576,484",66466,4920,"$5,394,441",681607,45070,"$29,788,617",4849220,223244
CA,"Sacramento, CA",95834,"$43,057",3417,370,"$576,484",66466,4920,"$5,394,441",681607,45070,"$29,788,617",4849220,223244
CA,"Sacramento, CA",95841,"$6,239",2505,41,"$576,484",66466,4920,"$5,394,441",681607,45070,"$29,788,617",4849220,223244
CA,"San Diego, CA",92111,"$340,282",54368,2314,"$399,990",60734,2834,"$5,394,441",681607,45070,"$29,788,617",4849220,223244
CA,"San Diego, CA",92126,"$59,708",6366,520,"$399,990",60734,2834,"$5,394,441",681607,45070,"$29,788,617",4849220,223244
CA,"San Francisco, CA",94103,"$156,178",18872,1404,"$366,628",46994,3248,"$5,394,441",681607,45070,"$29,788,617",4849220,223244
CA,"San Francisco, CA",94118,"$210,449",28122,1844,"$366,628",46994,3248,"$5,394,441",681607,45070,"$29,788,617",4849220,223244
CA,"San Jose, CA",95110,"$67,371",5936,643,"$814,168",79612,7300,"$5,394,441",681607,45070,"$29,788,617",4849220,223244
CA,"San Jose, CA",95121,"$80,380",8615,676,"$814,168",79612,7300,"$5,394,441",681607,45070,"$29,788,617",4849220,223244
CA,"San Jose, CA",95122,"$50,979",2502,476,"$814,168",79612,7300,"$5,394,441",681607,45070,"$29,788,617",4849220,223244
CA,"San Jose, CA",95123,"$91,200",8207,827,"$814,168",79612,7300,"$5,394,441",681607,45070,"$29,788,617",4849220,223244
CA,"San Jose, CA",95124,"$63,556",3492,669,"$814,168",79612,7300,"$5,394,441",681607,45070,"$29,788,617",4849220,223244
CA,"San Jose, CA",95125,"$82,910",7173,717,"$814,168",79612,7300,"$5,394,441",681607,45070,"$29,788,617",4849220,223244
CA,"San Jose, CA",95129,"$112,671",16377,957,"$814,168",79612,7300,"$5,394,441",681607,45070,"$29,788,617",4849220,223244
CA,"San Jose, CA",95132,"$68,955",4502,666,"$814,168",79612,7300,"$5,394,441",681607,45070,"$29,788,617",4849220,223244
CA,"San Jose, CA",95133,"$138,001",18714,1164,"$814,168",79612,7300,"$5,394,441",681607,45070,"$29,788,617",4849220,223244
CA,"San Jose, CA",95134,"$58,144",4094,505,"$814,168",79612,7300,"$5,394,441",681607,45070,"$29,788,617",4849220,223244
CA,"Ventura, CA",93003,"$316,950",40313,2622,"$316,950",40313,2622,"$5,394,441",681607,45070,"$29,788,617",4849220,223244
CO,"Boulder, CO",80301,"$92,361",13363,719,"$92,361",13363,719,"$1,037,779",166322,7644,"$29,788,617",4849220,223244
CO,"Colorado Springs, CO",80906,"$166,471",25167,1165,"$355,676",56113,2541,"$1,037,779",166322,7644,"$29,788,617",4849220,223244
CO,"Colorado Springs, CO",80918,"$94,301",18129,636,"$355,676",56113,2541,"$1,037,779",166322,7644,"$29,788,617",4849220,223244
CO,"Colorado Springs, CO",80922,"$38,865",5640,298,"$355,676",56113,2541,"$1,037,779",166322,7644,"$29,788,617",4849220,223244
CO,"Colorado Springs, CO",80924,"$56,039",7177,442,"$355,676",56113,2541,"$1,037,779",166322,7644,"$29,788,617",4849220,223244
CO,"Denver, CO",80231,"$71,932",15757,453,"$160,658",29418,1127,"$1,037,779",166322,7644,"$29,788,617",4849220,223244
CO,"Denver, CO",80238,"$88,726",13661,674,"$160,658",29418,1127,"$1,037,779",166322,7644,"$29,788,617",4849220,223244
CO,"Fort Collins, CO",80525,"$163,148",27295,1224,"$163,148",27295,1224,"$1,037,779",166322,7644,"$29,788,617",4849220,223244
CO,"Glenwood Springs, CO",81601,"$82,582",15004,591,"$82,582",15004,591,"$1,037,779",166322,7644,"$29,788,617",4849220,223244
CO,"Grand Junction, CO",81505,"$90,506",11390,634,"$90,506",11390,634,"$1,037,779",166322,7644,"$29,788,617",4849220,223244
CO,"Pueblo, CO",81008,"$24,167",6483,238,"$24,167",6483,238,"$1,037,779",166322,7644,"$29,788,617",4849220,223244
CO,"Westminster, CO",80021,"$26,848",2830,237,"$68,680",7256,570,"$1,037,779",166322,7644,"$29,788,617",4849220,223244
CO,"Westminster, CO",80023,"$41,832",4426,333,"$68,680",7256,570,"$1,037,779",166322,7644,"$29,788,617",4849220,223244
CT,"Greenwich, CT",06830,"$167,535",36156,1070,"$167,535",36156,1070,"$497,090",100693,3378,"$29,788,617",4849220,223244
CT,"New Britain, CT",06053,"$6,394",2189,46,"$6,394",2189,46,"$497,090",100693,3378,"$29,788,617",4849220,223244
CT,"North Haven, CT",06473,"$40,296",7718,269,"$40,296",7718,269,"$497,090",100693,3378,"$29,788,617",4849220,223244
CT,"Stamford, CT",06901,"$63,680",15645,445,"$63,680",15645,445,"$497,090",100693,3378,"$29,788,617",4849220,223244
CT,"Trumbull, CT",06611,"$86,329",20605,571,"$86,329",20605,571,"$497,090",100693,3378,"$29,788,617",4849220,223244
CT,"Waterbury, CT",06704,"$23,679",2537,172,"$23,679",2537,172,"$497,090",100693,3378,"$29,788,617",4849220,223244
CT,"Waterford, CT",06385,"$63,532",9199,481,"$63,532",9199,481,"$497,090",100693,3378,"$29,788,617",4849220,223244
CT,"Windsor, CT",06095,"$45,645",6644,324,"$45,645",6644,324,"$497,090",100693,3378,"$29,788,617",4849220,223244
FL,"Brandon, FL",33511,"$63,079",8585,443,"$63,079",8585,443,"$2,558,182",475889,17598,"$29,788,617",4849220,223244
FL,"Cape Coral, FL",33909,"$46,613",8484,365,"$63,835",10099,533,"$2,558,182",475889,17598,"$29,788,617",4849220,223244
FL,"Cape Coral, FL",33914,"$17,222",1615,168,"$63,835",10099,533,"$2,558,182",475889,17598,"$29,788,617",4849220,223244
FL,"Clearwater, FL",33759,"$71,636",16928,501,"$71,636",16928,501,"$2,558,182",475889,17598,"$29,788,617",4849220,223244
FL,"Clermont, FL",34711,"$48,103",10502,325,"$48,103",10502,325,"$2,558,182",475889,17598,"$29,788,617",4849220,223244
FL,"Daytona Beach, FL",32114,"$59,518",9506,433,"$59,518",9506,433,"$2,558,182",475889,17598,"$29,788,617",4849220,223244
FL,"Fort Lauderdale, FL",33306,"$76,887",16766,577,"$76,887",16766,577,"$2,558,182",475889,17598,"$29,788,617",4849220,223244
FL,"Gainesville, FL",32608,"$60,102",9454,435,"$60,102",9454,435,"$2,558,182",475889,17598,"$29,788,617",4849220,223244
FL,"Greenacres, FL",33463,"$63,563",10211,433,"$63,563",10211,433,"$2,558,182",475889,17598,"$29,788,617",4849220,223244
FL,"Jacksonville Beach, FL",32250,"$14,188",3660,108,"$14,188",3660,108,"$2,558,182",475889,17598,"$29,788,617",4849220,223244
FL,"Jacksonville, FL",32222,"$116,481",26827,732,"$322,983",67467,2096,"$2,558,182",475889,17598,"$29,788,617",4849220,223244
FL,"Jacksonville, FL",32224,"$92,526",19164,617,"$322,983",67467,2096,"$2,558,182",475889,17598,"$29,788,617",4849220,223244
FL,"Jacksonville, FL",32246,"$56,721",11308,359,"$322,983",67467,2096,"$2,558,182",475889,17598,"$29,788,617",4849220,223244
FL,"Jacksonville, FL",32257,"$57,254",10168,388,"$322,983",67467,2096,"$2,558,182",475889,17598,"$29,788,617",4849220,223244
FL,"Kissimmee, FL",34747,"$16,262",1012,133,"$16,262",1012,133,"$2,558,182",475889,17598,"$29,788,617",4849220,223244
FL,"Miami, FL",33143,"$171,439",31527,1124,"$407,192",78197,2822,"$2,558,182",475889,17598,"$29,788,617",4849220,223244
FL,"Miami, FL",33156,"$98,647",16788,701,"$407,192",78197,2822,"$2,558,182",475889,17598,"$29,788,617",4849220,223244
FL,"Miami, FL",33189,"$80,101",14220,598,"$407,192",78197,2822,"$2,558,182",475889,17598,"$29,788,617",4849220,223244
FL,"Miami, FL",33196,"$57,005",15662,399,"$407,192",78197,2822,"$2,558,182",475889,17598,"$29,788,617",4849220,223244
FL,"Naples, FL",34109,"$55,559",11077,372,"$88,600",15852,573,"$2,558,182",475889,17598,"$29,788,617",4849220,223244
FL,"Naples, FL",34119,"$33,040",4775,201,"$88,600",15852,573,"$2,558,182",475889,17598,"$29,788,617",4849220,223244
FL,"Orlando, FL",32803,"$171,727",31085,1169,"$216,552",40114,1521,"$2,558,182",475889,17598,"$29,788,617",4849220,223244
FL,"Orlando, FL",32837,"$44,825",9029,352,"$216,552",40114,1521,"$2,558,182",475889,17598,"$29,788,617",4849220,223244
FL,"Pensacola, FL",32503,"$54,803",12515,373,"$170,401",28171,1196,"$2,558,182",475889,17598,"$29,788,617",4849220,223244
FL,"Pensacola, FL",32506,"$46,945",4217,324,"$170,401",28171,1196,"$2,558,182",475889,17598,"$29,788,617",4849220,223244
FL,"Pensacola, FL",32514,"$68,653",11439,499,"$170,401",28171,1196,"$2,558,182",475889,17598,"$29,788,617",4849220,223244
FL,"Riverview, FL",33578,"$48,932",6280,329,"$48,932",6280,329,"$2,558,182",475889,17598,"$29,788,617",4849220,223244
FL,"Sarasota, FL",34232,"$57,771",10133,406,"$57,771",10133,406,"$2,558,182",475889,17598,"$29,788,617",4849220,223244
FL,"Tallahassee, FL",32301,"$61,213",14124,420,"$122,213",27487,827,"$2,558,182",475889,17598,"$29,788,617",4849220,223244
FL,"Tallahassee, FL",32309,"$61,000",13363,407,"$122,213",27487,827,"$2,558,182",475889,17598,"$29,788,617",4849220,223244
FL,"Tampa, FL",33611,"$74,227",12346,523,"$119,788",19726,851,"$2,558,182",475889,17598,"$29,788,617",4849220,223244
FL,"Tampa, FL",33618,"$45,561",7380,328,"$119,788",19726,851,"$2,558,182",475889,17598,"$29,788,617",4849220,223244
FL,"Venice, FL",34292,"$40,611",6774,294,"$204,509",30612,1370,"$2,558,182",475889,17598,"$29,788,617",4849220,223244
FL,"Venice, FL",34293,"$163,899",23838,1076,"$204,509",30612,1370,"$2,558,182",475889,17598,"$29,788,617",4849220,223244
FL,"Vero Beach, FL",32966,"$64,497",15718,459,"$64,497",15718,459,"$2,558,182",475889,17598,"$29,788,617",4849220,223244
FL,"Wesley Chapel, FL",33544,"$197,571",39409,1227,"$197,571",39409,1227,"$2,558,182",475889,17598,"$29,788,617",4849220,223244
GA,"Acworth, GA",30101,"$15,371",2604,109,"$15,371",2604,109,"$1,707,677",305316,12077,"$29,788,617",4849220,223244
GA,"Athens, GA",30606,"$145,656",31791,1065,"$145,656",31791,1065,"$1,707,677",305316,12077,"$29,788,617",4849220,223244
GA,"Atlanta, GA",30307,"$82,396",15265,594,"$734,581",124665,5071,"$1,707,677",305316,12077,"$29,788,617",4849220,223244
GA,"Atlanta, GA",30324,"$80,246",9916,584,"$734,581",124665,5071,"$1,707,677",305316,12077,"$29,788,617",4849220,223244
GA,"Atlanta, GA",30326,"$214,334",32013,1417,"$734,581",124665,5071,"$1,707,677",305316,12077,"$29,788,617",4849220,223244
GA,"Atlanta, GA",30329,"$90,952",17080,667,"$734,581",124665,5071,"$1,707,677",305316,12077,"$29,788,617",4849220,223244
GA,"Atlanta, GA",30346,"$206,941",40321,1344,"$734,581",124665,5071,"$1,707,677",305316,12077,"$29,788,617",4849220,223244
GA,"Atlanta, GA",30363,"$59,712",10070,465,"$734,581",124665,5071,"$1,707,677",305316,12077,"$29,788,617",4849220,223244
GA,"Augusta, GA",30909,"$100,680",18483,714,"$100,680",18483,714,"$1,707,677",305316,12077,"$29,788,617",4849220,223244
GA,"Austell, GA",30106,"$97,740",20254,667,"$97,740",20254,667,"$1,707,677",305316,12077,"$29,788,617",4849220,223244
GA,"Columbus, GA",31904,"$75,885",12425,584,"$75,885",12425,584,"$1,707,677",305316,12077,"$29,788,617",4849220,223244
GA,"Fayetteville, GA",30214,"$58,772",13650,430,"$58,772",13650,430,"$1,707,677",305316,12077,"$29,788,617",4849220,223244
GA,"Norcross, GA",30092,"$38,744",4972,339,"$38,744",4972,339,"$1,707,677",305316,12077,"$29,788,617",4849220,223244
GA,"Savannah, GA",31404,"$115,901",15306,872,"$440,249",76472,3098,"$1,707,677",305316,12077,"$29,788,617",4849220,223244
GA,"Savannah, GA",31419,"$324,348",61166,2226,"$440,249",76472,3098,"$1,707,677",305316,12077,"$29,788,617",4849220,223244
LA,"Baton Rouge, LA",70809,"$152,354",34242,1021,"$187,444",40557,1261,"$450,445",91901,2966,"$29,788,617",4849220,223244
LA,"Baton Rouge, LA",70816,"$35,089",6315,240,"$187,444",40557,1261,"$450,445",91901,2966,"$29,788,617",4849220,223244
LA,"Covington, LA",70433,"$39,287",7497,284,"$39,287",7497,284,"$450,445",91901,2966,"$29,788,617",4849220,223244
LA,"Lafayette, LA",70501,"$51,129",8476,300,"$78,495",16335,495,"$450,445",91901,2966,"$29,788,617",4849220,223244
LA,"Lafayette, LA",70508,"$27,366",7859,195,"$78,495",16335,495,"$450,445",91901,2966,"$29,788,617",4849220,223244
LA,"Lake Charles, LA",70601,"$84,420",15470,542,"$84,420",15470,542,"$450,445",91901,2966,"$29,788,617",4849220,223244
LA,"Shreveport, LA",71105,"$60,799",12042,384,"$60,799",12042,384,"$450,445",91901,2966,"$29,788,617",4849220,223244
MA,"Braintree, MA",02184,"$13,194",1813,101,"$13,194",1813,101,"$569,535",110471,3865,"$29,788,617",4849220,223244
MA,"Dorchester, MA",02125,"$136,027",23506,935,"$136,027",23506,935,"$569,535",110471,3865,"$29,788,617",4849220,223244
MA,"Hanover, MA",02339,"$9,877",744,78,"$9,877",744,78,"$569,535",110471,3865,"$29,788,617",4849220,223244
MA,"Marlborough, MA",01752,"$115,773",21843,777,"$115,773",21843,777,"$569,535",110471,3865,"$29,788,617",4849220,223244
MA,"North Attleboro, MA",02760,"$57,636",13170,384,"$57,636",13170,384,"$569,535",110471,3865,"$29,788,617",4849220,223244
MA,"North Dartmouth, MA",02747,"$56,379",13508,336,"$56,379",13508,336,"$569,535",110471,3865,"$29,788,617",4849220,223244
MA,"Revere, MA",02151,"$43,981",9418,315,"$43,981",9418,315,"$569,535",110471,3865,"$29,788,617",4849220,223244
MA,"Saugus, MA",01906,"$60,323",11997,397,"$60,323",11997,397,"$569,535",110471,3865,"$29,788,617",4849220,223244
MA,"Wareham, MA",02571,"$59,206",12038,420,"$59,206",12038,420,"$569,535",110471,3865,"$29,788,617",4849220,223244
MA,"Worcester, MA",01605,"$17,139",2434,122,"$17,139",2434,122,"$569,535",110471,3865,"$29,788,617",4849220,223244
NC,"Asheville, NC",28805,"$208,509",32513,1359,"$208,509",32513,1359,"$1,448,869",261683,10012,"$29,788,617",4849220,223244
NC,"Cary, NC",27518,"$53,234",10689,352,"$129,394",22172,923,"$1,448,869",261683,10012,"$29,788,617",4849220,223244
NC,"Cary, NC",27519,"$76,159",11483,571,"$129,394",22172,923,"$1,448,869",261683,10012,"$29,788,617",4849220,223244
NC,"Charlotte, NC",28204,"$54,583",11302,383,"$229,870",42778,1591,"$1,448,869",261683,10012,"$29,788,617",4849220,223244
NC,"Charlotte, NC",28216,"$52,424",8926,340,"$229,870",42778,1591,"$1,448,869",261683,10012,"$29,788,617",4849220,223244
NC,"Charlotte, NC",28227,"$67,016",12872,481,"$229,870",42778,1591,"$1,448,869",261683,10012,"$29,788,617",4849220,223244
NC,"Charlotte, NC",28277,"$55,848",9678,387,"$229,870",42778,1591,"$1,448,869",261683,10012,"$29,788,617",4849220,223244
NC,"Durham, NC",27707,"$73,395",10982,541,"$154,424",26710,1113,"$1,448,869",261683,10012,"$29,788,617",4849220,223244
NC,"Durham, NC",27713,"$81,029",15728,572,"$154,424",26710,1113,"$1,448,869",261683,10012,"$29,788,617",4849220,223244
NC,"Greensboro, NC",27407,"$68,486",11769,491,"$188,810",32236,1350,"$1,448,869",261683,10012,"$29,788,617",4849220,223244
NC,"Greensboro, NC",27408,"$69,449",9070,512,"$188,810",32236,1350,"$1,448,869",261683,10012,"$29,788,617",4849220,223244
NC,"Greensboro, NC",27410,"$50,875",11397,347,"$188,810",32236,1350,"$1,448,869",261683,10012,"$29,788,617",4849220,223244
NC,"Greenville, NC",27834,"$51,755",8525,378,"$51,755",8525,378,"$1,448,869",261683,10012,"$29,788,617",4849220,223244
NC,"Hickory, NC",28602,"$52,948",8596,337,"$52,948",8596,337,"$1,448,869",261683,10012,"$29,788,617",4849220,223244
NC,"Monroe, NC",28110,"$81,353",21196,543,"$81,353",21196,543,"$1,448,869",261683,10012,"$29,788,617",4849220,223244
NC,"Raleigh, NC",27609,"$87,566",14383,627,"$293,900",56994,1986,"$1,448,869",261683,10012,"$29,788,617",4849220,223244
NC,"Raleigh, NC",27613,"$92,719",21905,588,"$293,900",56994,1986,"$1,448,869",261683,10012,"$29,788,617",4849220,223244
NC,"Raleigh, NC",27616,"$53,838",8397,368,"$293,900",56994,1986,"$1,448,869",261683,10012,"$29,788,617",4849220,223244
NC,"Raleigh, NC",27617,"$59,777",12309,403,"$293,900",56994,1986,"$1,448,869",261683,10012,"$29,788,617",4849220,223244
NC,"Wake Forest, NC",27587,"$29,593",5513,225,"$29,593",5513,225,"$1,448,869",261683,10012,"$29,788,617",4849220,223244
NC,"Winston Salem, NC",27103,"$13,259",940,98,"$28,314",4450,207,"$1,448,869",261683,10012,"$29,788,617",4849220,223244
NC,"Winston Salem, NC",27105,"$15,056",3510,109,"$28,314",4450,207,"$1,448,869",261683,10012,"$29,788,617",4849220,223244
NH,"Bedford, NH",03110,"$94,513",17732,680,"$94,513",17732,680,"$256,513",47601,1803,"$29,788,617",4849220,223244
NH,"Concord, NH",03301,"$48,849",9899,331,"$48,849",9899,331,"$256,513",47601,1803,"$29,788,617",4849220,223244
NH,"Nashua, NH",03060,"$53,236",6795,410,"$113,151",19970,792,"$256,513",47601,1803,"$29,788,617",4849220,223244
NH,"Nashua, NH",03063,"$59,915",13175,382,"$113,151",19970,792,"$256,513",47601,1803,"$29,788,617",4849220,223244
NJ,"Burlington, NJ",08016,"$46,573",7790,309,"$46,573",7790,309,"$509,734",96096,3525,"$29,788,617",4849220,223244
NJ,"Cherry Hill, NJ",08002,"$28,509",5544,181,"$28,509",5544,181,"$509,734",96096,3525,"$29,788,617",4849220,223244
NJ,"Clark, NJ",07066,"$55,997",10380,380,"$55,997",10380,380,"$509,734",96096,3525,"$29,788,617",4849220,223244
NJ,"Edgewater, NJ",07020,"$42,658",9113,315,"$42,658",9113,315,"$509,734",96096,3525,"$29,788,617",4849220,223244
NJ,"Hackensack, NJ",07601,"$29,592",6624,209,"$29,592",6624,209,"$509,734",96096,3525,"$29,788,617",4849220,223244
NJ,"Jersey City, NJ",07310,"$36,884",6534,268,"$36,884",6534,268,"$509,734",96096,3525,"$29,788,617",4849220,223244
NJ,"Mays Landing, NJ",08330,"$9,745",949,67,"$9,745",949,67,"$509,734",96096,3525,"$29,788,617",4849220,223244
NJ,"Middletown, NJ",07748,"$23,536",5701,168,"$23,536",5701,168,"$509,734",96096,3525,"$29,788,617",4849220,223244
NJ,"Mount Laurel, NJ",08054,"$40,445",7834,293,"$40,445",7834,293,"$509,734",96096,3525,"$29,788,617",4849220,223244
NJ,"Paramus, NJ",07652,"$49,283",10649,320,"$49,283",10649,320,"$509,734",96096,3525,"$29,788,617",4849220,223244
NJ,"Princeton, NJ",08540,"$51,708",6680,377,"$51,708",6680,377,"$509,734",96096,3525,"$29,788,617",4849220,223244
NJ,"Riverdale, NJ",07457,"$59,109",9404,414,"$59,109",9404,414,"$509,734",96096,3525,"$29,788,617",4849220,223244
NJ,"Rockaway, NJ",07866,"$35,696",8894,224,"$35,696",8894,224,"$509,734",96096,3525,"$29,788,617",4849220,223244
NM,"Albuquerque, NM",87110,"$83,578",7073,765,"$517,979",76319,4294,"$833,785",123267,6807,"$29,788,617",4849220,223244
NM,"Albuquerque, NM",87111,"$95,971",13559,783,"$517,979",76319,4294,"$833,785",123267,6807,"$29,788,617",4849220,223244
NM,"Albuquerque, NM",87112,"$148,336",28294,1123,"$517,979",76319,4294,"$833,785",123267,6807,"$29,788,617",4849220,223244
NM,"Albuquerque, NM",87113,"$101,338",15027,834,"$517,979",76319,4294,"$833,785",123267,6807,"$29,788,617",4849220,223244
NM,"Albuquerque, NM",87114,"$88,756",12366,789,"$517,979",76319,4294,"$833,785",123267,6807,"$29,788,617",4849220,223244
NM,"Rio Rancho, NM",87124,"$78,591",8146,652,"$78,591",8146,652,"$833,785",123267,6807,"$29,788,617",4849220,223244
NM,"Roswell, NM",88201,"$106,841",17568,812,"$106,841",17568,812,"$833,785",123267,6807,"$29,788,617",4849220,223244
NM,"Santa Fe, NM",87507,"$130,373",21234,1049,"$130,373",21234,1049,"$833,785",123267,6807,"$29,788,617",4849220,223244
NY,"Amherst, NY",14228,"$50,282",11109,332,"$50,282",11109,332,"$1,303,529",258122,8630,"$29,788,617",4849220,223244
NY,"Amsterdam, NY",12010,"$66,812",13930,473,"$66,812",13930,473,"$1,303,529",258122,8630,"$29,788,617",4849220,223244
NY,"Bronx, NY",10451,"$44,288",9889,298,"$133,535",25451,851,"$1,303,529",258122,8630,"$29,788,617",4849220,223244
NY,"Bronx, NY",10463,"$89,247",15562,553,"$133,535",25451,851,"$1,303,529",258122,8630,"$29,788,617",4849220,223244
NY,"Brooklyn, NY",11210,"$48,241",12637,275,"$299,408",65897,1921,"$1,303,529",258122,8630,"$29,788,617",4849220,223244
NY,"Brooklyn, NY",11217,"$161,977",31271,1052,"$299,408",65897,1921,"$1,303,529",258122,8630,"$29,788,617",4849220,223244
NY,"Brooklyn, NY",11218,"$37,192",7704,252,"$299,408",65897,1921,"$1,303,529",258122,8630,"$29,788,617",4849220,223244
NY,"Brooklyn, NY",11239,"$51,998",14285,342,"$299,408",65897,1921,"$1,303,529",258122,8630,"$29,788,617",4849220,223244
NY,"Buffalo, NY",14216,"$39,402",5637,283,"$39,402",5637,283,"$1,303,529",258122,8630,"$29,788,617",4849220,223244
NY,"Flushing, NY",11354,"$57,899",7080,428,"$57,899",7080,428,"$1,303,529",258122,8630,"$29,788,617",4849220,223244
NY,"Mount Vernon, NY",10550,"$50,782",5226,399,"$50,782",5226,399,"$1,303,529",258122,8630,"$29,788,617",4849220,223244
NY,"New York, NY",10035,"$75,937",18778,506,"$75,937",18778,506,"$1,303,529",258122,8630,"$29,788,617",4849220,223244
NY,"Riverhead, NY",11901,"$72,821",11719,466,"$72,821",11719,466,"$1,303,529",258122,8630,"$29,788,617",4849220,223244
NY,"Rochester, NY",14626,"$112,119",28374,698,"$112,119",28374,698,"$1,303,529",258122,8630,"$29,788,617",4849220,223244
NY,"Schenectady, NY",12302,"$49,565",8147,312,"$201,767",38358,1326,"$1,303,529",258122,8630,"$29,788,617",4849220,223244
NY,"Schenectady, NY",12304,"$152,203",30211,1014,"$201,767",38358,1326,"$1,303,529",258122,8630,"$29,788,617",4849220,223244
NY,"Syracuse, NY",13219,"$85,335",16874,560,"$85,335",16874,560,"$1,303,529",258122,8630,"$29,788,617",4849220,223244
NY,"White Plains, NY",10601,"$57,431",9689,387,"$57,431",9689,387,"$1,303,529",258122,8630,"$29,788,617",4849220,223244
OH,"Akron, OH",44312,"$7,814",1687,53,"$7,814",1687,53,"$416,938",77600,2941,"$29,788,617",4849220,223244
OH,"Amherst, OH",44001,"$51,958",12812,323,"$51,958",12812,323,"$416,938",77600,2941,"$29,788,617",4849220,223244
OH,"Beavercreek, OH",45431,"$55,611",9630,391,"$55,611",9630,391,"$416,938",77600,2941,"$29,788,617",4849220,223244
OH,"Cincinnati, OH",45209,"$9,252",1752,59,"$105,555",17272,753,"$416,938",77600,2941,"$29,788,617",4849220,223244
OH,"Cincinnati, OH",45251,"$46,983",8359,317,"$105,555",17272,753,"$416,938",77600,2941,"$29,788,617",4849220,223244
OH,"Cincinnati, OH",45255,"$49,320",7161,377,"$105,555",17272,753,"$416,938",77600,2941,"$29,788,617",4849220,223244
OH,"Cleveland, OH",44109,"$10,429",2472,69,"$73,616",13101,482,"$416,938",77600,2941,"$29,788,617",4849220,223244
OH,"Cleveland, OH",44111,"$63,187",10629,413,"$73,616",13101,482,"$416,938",77600,2941,"$29,788,617",4849220,223244
OH,"Columbus, OH",43212,"$7,461",640,65,"$76,356",15280,563,"$416,938",77600,2941,"$29,788,617",4849220,223244
OH,"Columbus, OH",43219,"$44,597",11102,303,"$76,356",15280,563,"$416,938",77600,2941,"$29,788,617",4849220,223244
OH,"Columbus, OH",43240,"$24,298",3538,195,"$76,356",15280,563,"$416,938",77600,2941,"$29,788,617",4849220,223244
OH,"Dayton, OH",45440,"$25,719",3774,208,"$25,719",3774,208,"$416,938",77600,2941,"$29,788,617",4849220,223244
OH,"Toledo, OH",43612,"$8,404",1034,74,"$20,307",4044,168,"$416,938",77600,2941,"$29,788,617",4849220,223244
OH,"Toledo, OH",43623,"$11,903",3010,94,"$20,307",4044,168,"$416,938",77600,2941,"$29,788,617",4849220,223244
OR,"Albany, OR",97322,"$146,490",20198,1249,"$146,490",20198,1249,"$1,789,160",215837,15547,"$29,788,617",4849220,223244
OR,"Beaverton, OR",97005,"$185,428",26279,1601,"$303,940",41580,2570,"$1,789,160",215837,15547,"$29,788,617",4849220,223244
OR,"Beaverton, OR",97006,"$118,512",15301,969,"$303,940",41580,2570,"$1,789,160",215837,15547,"$29,788,617",4849220,223244
OR,"Bend, OR",97701,"$227,552",24727,1951,"$227,552",24727,1951,"$1,789,160",215837,15547,"$29,788,617",4849220,223244
OR,"Eugene, OR",97402,"$205,497",27490,1722,"$205,497",27490,1722,"$1,789,160",215837,15547,"$29,788,617",4849220,223244
OR,"Portland, OR",97205,"$167,456",17123,1480,"$603,359",61577,5428,"$1,789,160",215837,15547,"$29,788,617",4849220,223244
OR,"Portland, OR",97216,"$141,064",14550,1298,"$603,359",61577,5428,"$1,789,160",215837,15547,"$29,788,617",4849220,223244
OR,"Portland, OR",97217,"$160,471",18438,1398,"$603,359",61577,5428,"$1,789,160",215837,15547,"$29,788,617",4849220,223244
OR,"Portland, OR",97220,"$134,368",11466,1252,"$603,359",61577,5428,"$1,789,160",215837,15547,"$29,788,617",4849220,223244
OR,"Salem, OR",97301,"$181,500",24573,1668,"$181,500",24573,1668,"$1,789,160",215837,15547,"$29,788,617",4849220,223244
OR,"Springfield, OR",97477,"$120,822",15692,959,"$120,822",15692,959,"$1,789,160",215837,15547,"$29,788,617",4849220,223244
PA,"Allentown, PA",18104,"$74,809",14470,510,"$129,999",25659,898,"$887,492",178222,5917,"$29,788,617",4849220,223244
PA,"Allentown, PA",18109,"$55,191",11189,388,"$129,999",25659,898,"$887,492",178222,5917,"$29,788,617",4849220,223244
PA,"Altoona, PA",16601,"$54,773",12715,364,"$54,773",12715,364,"$887,492",178222,5917,"$29,788,617",4849220,223244
PA,"Erie, PA",16509,"$70,168",14341,465,"$70,168",14341,465,"$887,492",178222,5917,"$29,788,617",4849220,223244
PA,"Glen Mills, PA",19342,"$23,287",5015,158,"$23,287",5015,158,"$887,492",178222,5917,"$29,788,617",4849220,223244
PA,"Harrisburg, PA",17111,"$53,258",11723,347,"$106,914",22554,700,"$887,492",178222,5917,"$29,788,617",4849220,223244
PA,"Harrisburg, PA",17112,"$53,655",10831,353,"$106,914",22554,700,"$887,492",178222,5917,"$29,788,617",4849220,223244
PA,"Lancaster, PA",17602,"$56,492",9156,343,"$56,492",9156,343,"$887,492",178222,5917,"$29,788,617",4849220,223244
PA,"Philadelphia, PA",19116,"$62,310",14283,422,"$247,137",52718,1693,"$887,492",178222,5917,"$29,788,617",4849220,223244
PA,"Philadelphia, PA",19131,"$54,471",13049,347,"$247,137",52718,1693,"$887,492",178222,5917,"$29,788,617",4849220,223244
PA,"Philadelphia, PA",19134,"$11,978",1855,89,"$247,137",52718,1693,"$887,492",178222,5917,"$29,788,617",4849220,223244
PA,"Philadelphia, PA",19148,"$62,970",16521,435,"$247,137",52718,1693,"$887,492",178222,5917,"$29,788,617",4849220,223244
PA,"Philadelphia, PA",19150,"$38,888",5302,281,"$247,137",52718,1693,"$887,492",178222,5917,"$29,788,617",4849220,223244
PA,"Philadelphia, PA",19152,"$16,521",1708,119,"$247,137",52718,1693,"$887,492",178222,5917,"$29,788,617",4849220,223244
PA,"Pittsburgh, PA",15238,"$69,688",14458,454,"$69,688",14458,454,"$887,492",178222,5917,"$29,788,617",4849220,223244
PA,"Pottstown, PA",19464,"$56,233",7086,379,"$56,233",7086,379,"$887,492",178222,5917,"$29,788,617",4849220,223244
PA,"Reading, PA",19606,"$72,802",14520,463,"$72,802",14520,463,"$887,492",178222,5917,"$29,788,617",4849220,223244
RI,"Lincoln, RI",02865,"$39,758",6484,290,"$39,758",6484,290,"$203,680",36552,1388,"$29,788,617",4849220,223244
RI,"Smithfield, RI",02917,"$46,066",6804,300,"$46,066",6804,300,"$203,680",36552,1388,"$29,788,617",4849220,223244
RI,"Warwick, RI",02886,"$117,855",23264,798,"$117,855",23264,798,"$203,680",36552,1388,"$29,788,617",4849220,223244
SC,"Aiken, SC",29803,"$61,548",12317,400,"$61,548",12317,400,"$458,267",82863,2995,"$29,788,617",4849220,223244
SC,"Charleston, SC",29407,"$46,237",7331,307,"$46,237",7331,307,"$458,267",82863,2995,"$29,788,617",4849220,223244
SC,"Columbia, SC",29209,"$50,008",12093,305,"$179,264",42256,1158,"$458,267",82863,2995,"$29,788,617",4849220,223244
SC,"Columbia, SC",29212,"$69,852",17589,464,"$179,264",42256,1158,"$458,267",82863,2995,"$29,788,617",4849220,223244
SC,"Columbia, SC",29229,"$59,404",12574,389,"$179,264",42256,1158,"$458,267",82863,2995,"$29,788,617",4849220,223244
SC,"Florence, SC",29501,"$50,529",3905,325,"$50,529",3905,325,"$458,267",82863,2995,"$29,788,617",4849220,223244
SC,"Myrtle Beach, SC",29577,"$48,098",6141,329,"$120,688",17054,805,"$458,267",82863,2995,"$29,788,617",4849220,223244
SC,"Myrtle Beach, SC",29588,"$72,590",10913,476,"$120,688",17054,805,"$458,267",82863,2995,"$29,788,617",4849220,223244
TN,"Brentwood, TN",37027,"$63,213",9559,468,"$63,213",9559,468,"$728,281",138460,5080,"$29,788,617",4849220,223244
TN,"Chattanooga, TN",37421,"$66,121",12468,434,"$66,121",12468,434,"$728,281",138460,5080,"$29,788,617",4849220,223244
TN,"Clarksville, TN",37040,"$36,967",5674,264,"$36,967",5674,264,"$728,281",138460,5080,"$29,788,617",4849220,223244
TN,"Knoxville, TN",37912,"$10,728",2657,77,"$187,464",40177,1279,"$728,281",138460,5080,"$29,788,617",4849220,223244
TN,"Knoxville, TN",37918,"$21,974",4806,177,"$187,464",40177,1279,"$728,281",138460,5080,"$29,788,617",4849220,223244
TN,"Knoxville, TN",37919,"$71,488",15988,485,"$187,464",40177,1279,"$728,281",138460,5080,"$29,788,617",4849220,223244
TN,"Knoxville, TN",37922,"$29,501",6381,201,"$187,464",40177,1279,"$728,281",138460,5080,"$29,788,617",4849220,223244
TN,"Knoxville, TN",37934,"$53,773",10345,339,"$187,464",40177,1279,"$728,281",138460,5080,"$29,788,617",4849220,223244
TN,"Maryville, TN",37801,"$51,304",9923,376,"$51,304",9923,376,"$728,281",138460,5080,"$29,788,617",4849220,223244
TN,"Memphis, TN",38117,"$40,801",4322,307,"$124,883",22670,854,"$728,281",138460,5080,"$29,788,617",4849220,223244
TN,"Memphis, TN",38119,"$47,111",10311,285,"$124,883",22670,854,"$728,281",138460,5080,"$29,788,617",4849220,223244
TN,"Memphis, TN",38125,"$14,452",3645,85,"$124,883",22670,854,"$728,281",138460,5080,"$29,788,617",4849220,223244
TN,"Memphis, TN",38133,"$22,519",4392,177,"$124,883",22670,854,"$728,281",138460,5080,"$29,788,617",4849220,223244
TN,"Murfreesboro, TN",37129,"$57,093",9444,387,"$57,093",9444,387,"$728,281",138460,5080,"$29,788,617",4849220,223244
TN,"Nashville, TN",37205,"$27,490",5235,218,"$141,236",28545,1018,"$728,281",138460,5080,"$29,788,617",4849220,223244
TN,"Nashville, TN",37209,"$47,845",10026,385,"$141,236",28545,1018,"$728,281",138460,5080,"$29,788,617",4849220,223244
TN,"Nashville, TN",37214,"$65,901",13284,415,"$141,236",28545,1018,"$728,281",138460,5080,"$29,788,617",4849220,223244
TX,"Amarillo, TX",79121,"$62,419",4351,514,"$62,419",4351,514,"$3,829,475",644747,27950,"$29,788,617",4849220,223244
TX,"Arlington, TX",76015,"$81,852",10339,591,"$81,852",10339,591,"$3,829,475",644747,27950,"$29,788,617",4849220,223244
TX,"Austin, TX",78704,"$133,560",26002,944,"$762,746",128823,5654,"$3,829,475",644747,27950,"$29,788,617",4849220,223244
TX,"Austin, TX",78717,"$36,399",7144,282,"$762,746",128823,5654,"$3,829,475",644747,27950,"$29,788,617",4849220,223244
TX,"Austin, TX",78723,"$79,203",11425,608,"$762,746",128823,5654,"$3,829,475",644747,27950,"$29,788,617",4849220,223244
TX,"Austin, TX",78730,"$89,701",12961,654,"$762,746",128823,5654,"$3,829,475",644747,27950,"$29,788,617",4849220,223244
TX,"Austin, TX",78748,"$116,146",18703,834,"$762,746",128823,5654,"$3,829,475",644747,27950,"$29,788,617",4849220,223244
TX,"Austin, TX",78749,"$97,940",16989,746,"$762,746",128823,5654,"$3,829,475",644747,27950,"$29,788,617",4849220,223244
TX,"Austin, TX",78753,"$73,954",9515,611,"$762,746",128823,5654,"$3,829,475",644747,27950,"$29,788,617",4849220,223244
TX,"Austin, TX",78758,"$79,334",17769,557,"$762,746",128823,5654,"$3,829,475",644747,27950,"$29,788,617",4849220,223244
TX,"Austin, TX",78759,"$56,508",8315,418,"$762,746",128823,5654,"$3,829,475",644747,27950,"$29,788,617",4849220,223244
TX,"Dallas, TX",75204,"$405,053",72290,2829,"$711,302",118206,5122,"$3,829,475",644747,27950,"$29,788,617",4849220,223244
TX,"Dallas, TX",75220,"$91,584",10336,675,"$711,302",118206,5122,"$3,829,475",644747,27950,"$29,788,617",4849220,223244
TX,"Dallas, TX",75231,"$99,822",13946,761,"$711,302",118206,5122,"$3,829,475",644747,27950,"$29,788,617",4849220,223244
TX,"Dallas, TX",75237,"$114,843",21634,857,"$711,302",118206,5122,"$3,829,475",644747,27950,"$29,788,617",4849220,223244
TX,"El Paso, TX",79912,"$90,455",17426,698,"$370,480",64117,2758,"$3,829,475",644747,27950,"$29,788,617",4849220,223244
TX,"El Paso, TX",79925,"$89,948",18463,651,"$370,480",64117,2758,"$3,829,475",644747,27950,"$29,788,617",4849220,223244
TX,"El Paso, TX",79936,"$190,077",28228,1409,"$370,480",64117,2758,"$3,829,475",644747,27950,"$29,788,617",4849220,223244
TX,"Fort Worth, TX",76120,"$102,707",15006,847,"$197,121",28685,1606,"$3,829,475",644747,27950,"$29,788,617",4849220,223244
TX,"Fort Worth, TX",76132,"$94,414",13679,759,"$197,121",28685,1606,"$3,829,475",644747,27950,"$29,788,617",4849220,223244
TX,"Houston, TX",77007,"$60,491",10904,460,"$678,015",113131,4942,"$3,829,475",644747,27950,"$29,788,617",4849220,223244
TX,"Houston, TX",77024,"$56,808",8044,445,"$678,015",113131,4942,"$3,829,475",644747,27950,"$29,788,617",4849220,223244
TX,"Houston, TX",77025,"$83,429",15388,546,"$678,015",113131,4942,"$3,829,475",644747,27950,"$29,788,617",4849220,223244
TX,"Houston, TX",77040,"$34,039",6481,265,"$678,015",113131,4942,"$3,829,475",644747,27950,"$29,788,617",4849220,223244
TX,"Houston, TX",77042,"$84,987",15720,624,"$678,015",113131,4942,"$3,829,475",644747,27950,"$29,788,617",4849220,223244
TX,"Houston, TX",77063,"$104,404",19849,728,"$678,015",113131,4942,"$3,829,475",644747,27950,"$29,788,617",4849220,223244
TX,"Houston, TX",77069,"$85,790",10352,625,"$678,015",113131,4942,"$3,829,475",644747,27950,"$29,788,617",4849220,223244
TX,"Houston, TX",77082,"$48,250",5744,386,"$678,015",113131,4942,"$3,829,475",644747,27950,"$29,788,617",4849220,223244
TX,"Houston, TX",77094,"$76,253",10734,569,"$678,015",113131,4942,"$3,829,475",644747,27950,"$29,788,617",4849220,223244
TX,"Houston, TX",77096,"$43,564",9915,294,"$678,015",113131,4942,"$3,829,475",644747,27950,"$29,788,617",4849220,223244
TX,"Lubbock, TX",79407,"$87,982",16360,606,"$185,020",31432,1355,"$3,829,475",644747,27950,"$29,788,617",4849220,223244
TX,"Lubbock, TX",79423,"$97,037",15072,749,"$185,020",31432,1355,"$3,829,475",644747,27950,"$29,788,617",4849220,223244
TX,"San Antonio, TX",78209,"$96,733",16429,668,"$780,521",145663,5408,"$3,829,475",644747,27950,"$29,788,617",4849220,223244
TX,"San Antonio, TX",78223,"$73,780",14969,501,"$780,521",145663,5408,"$3,829,475",644747,27950,"$29,788,617",4849220,223244
TX,"San Antonio, TX",78232,"$108,138",16594,826,"$780,521",145663,5408,"$3,829,475",644747,27950,"$29,788,617",4849220,223244
TX,"San Antonio, TX",78244,"$91,190",12818,655,"$780,521",145663,5408,"$3,829,475",644747,27950,"$29,788,617",4849220,223244
TX,"San Antonio, TX",78245,"$76,312",12989,569,"$780,521",145663,5408,"$3,829,475",644747,27950,"$29,788,617",4849220,223244
TX,"San Antonio, TX",78250,"$93,916",14443,644,"$780,521",145663,5408,"$3,829,475",644747,27950,"$29,788,617",4849220,223244
TX,"San Antonio, TX",78253,"$175,325",40561,1116,"$780,521",145663,5408,"$3,829,475",644747,27950,"$29,788,617",4849220,223244
TX,"San Antonio, TX",78258,"$65,127",16860,429,"$780,521",145663,5408,"$3,829,475",644747,27950,"$29,788,617",4849220,223244
UT,"Layton, UT",84041,"$102,378",16103,796,"$102,378",16103,796,"$384,891",56343,2900,"$29,788,617",4849220,223244
UT,"Riverdale, UT",84405,"$91,008",10926,708,"$91,008",10926,708,"$384,891",56343,2900,"$29,788,617",4849220,223244
UT,"Salt Lake City, UT",84101,"$110,768",15109,821,"$191,505",29314,1396,"$384,891",56343,2900,"$29,788,617",4849220,223244
UT,"Salt Lake City, UT",84121,"$80,737",14205,575,"$191,505",29314,1396,"$384,891",56343,2900,"$29,788,617",4849220,223244
VA,"Charlottesville, VA",22911,"$94,156",21287,633,"$94,156",21287,633,"$993,454",191731,6764,"$29,788,617",4849220,223244
VA,"Chesapeake, VA",23320,"$62,974",12555,423,"$146,913",25203,1019,"$993,454",191731,6764,"$29,788,617",4849220,223244
VA,"Chesapeake, VA",23321,"$27,202",5206,223,"$146,913",25203,1019,"$993,454",191731,6764,"$29,788,617",4849220,223244
VA,"Chesapeake, VA",23322,"$56,737",7442,373,"$146,913",25203,1019,"$993,454",191731,6764,"$29,788,617",4849220,223244
VA,"Fredericksburg, VA",22401,"$50,743",9438,317,"$101,736",20945,630,"$993,454",191731,6764,"$29,788,617",4849220,223244
VA,"Fredericksburg, VA",22407,"$50,993",11507,313,"$101,736",20945,630,"$993,454",191731,6764,"$29,788,617",4849220,223244
VA,"Glen Allen, VA",23059,"$17,752",4526,109,"$17,752",4526,109,"$993,454",191731,6764,"$29,788,617",4849220,223244
VA,"Richmond, VA",23225,"$47,016",5806,325,"$167,094",27589,1148,"$993,454",191731,6764,"$29,788,617",4849220,223244
VA,"Richmond, VA",23230,"$48,682",12455,319,"$167,094",27589,1148,"$993,454",191731,6764,"$29,788,617",4849220,223244
VA,"Richmond, VA",23231,"$71,396",9328,504,"$167,094",27589,1148,"$993,454",191731,6764,"$29,788,617",4849220,223244
VA,"Virginia Beach, VA",23451,"$61,470",12265,436,"$262,208",53892,1794,"$993,454",191731,6764,"$29,788,617",4849220,223244
VA,"Virginia Beach, VA",23453,"$44,446",7918,310,"$262,208",53892,1794,"$993,454",191731,6764,"$29,788,617",4849220,223244
VA,"Virginia Beach, VA",23454,"$100,382",20820,681,"$262,208",53892,1794,"$993,454",191731,6764,"$29,788,617",4849220,223244
VA,"Virginia Beach, VA",23462,"$55,910",12889,367,"$262,208",53892,1794,"$993,454",191731,6764,"$29,788,617",4849220,223244
VA,"Williamsburg, VA",23185,"$78,779",15799,588,"$153,145",28994,1114,"$993,454",191731,6764,"$29,788,617",4849220,223244
VA,"Williamsburg, VA",23188,"$74,366",13195,526,"$153,145",28994,1114,"$993,454",191731,6764,"$29,788,617",4849220,223244
VA,"Winchester, VA",22603,"$50,450",9295,317,"$50,450",9295,317,"$993,454",191731,6764,"$29,788,617",4849220,223244
WA,"Bellevue, WA",98006,"$190,927",23828,1625,"$190,927",23828,1625,"$1,681,541",223822,14159,"$29,788,617",4849220,223244
WA,"Issaquah, WA",98027,"$159,068",19317,1427,"$159,068",19317,1427,"$1,681,541",223822,14159,"$29,788,617",4849220,223244
WA,"Redmond, WA",98052,"$165,562",16602,1399,"$165,562",16602,1399,"$1,681,541",223822,14159,"$29,788,617",4849220,223244
WA,"Seattle, WA",98125,"$168,640",17344,1483,"$387,684",50923,3244,"$1,681,541",223822,14159,"$29,788,617",4849220,223244
WA,"Seattle, WA",98126,"$219,044",33579,1761,"$387,684",50923,3244,"$1,681,541",223822,14159,"$29,788,617",4849220,223244
WA,"Spokane, WA",99218,"$129,665",16353,1133,"$129,665",16353,1133,"$1,681,541",223822,14159,"$29,788,617",4849220,223244
WA,"Vancouver, WA",98662,"$195,945",29808,1663,"$648,636",96799,5331,"$1,681,541",223822,14159,"$29,788,617",4849220,223244
WA,"Vancouver, WA",98665,"$260,285",36868,2055,"$648,636",96799,5331,"$1,681,541",223822,14159,"$29,788,617",4849220,223244
WA,"Vancouver, WA",98684,"$192,406",30123,1613,"$648,636",96799,5331,"$1,681,541",223822,14159,"$29,788,617",4849220,223244

